# moved pages
/ https://www.jason.energy/ 301!
/uses https://www.jason.energy/uses/ 301!
/newsletter https://www.jason.energy/newsletter/ 301!
/speaking https://www.polywork.com/jlengstorf 301!
/about https://www.jason.energy/ 301!

# the code blog has moved to https://www.learnwithjason.dev/blog/
/code/                                    https://www.learnwithjason.dev/blog
/get-form-values-as-json/                 https://www.learnwithjason.dev/blog/get-form-values-as-json/        301
/code/get-form-values-as-json/            https://www.learnwithjason.dev/blog/get-form-values-as-json/        301
/data-abstraction-in-apps/                https://www.learnwithjason.dev/blog/data-abstraction-in-apps/       301
/code/data-abstraction-in-apps/           https://www.learnwithjason.dev/blog/data-abstraction-in-apps/       301
/learn-trellis-wordpress-roots/           https://www.learnwithjason.dev/blog/learn-trellis-wordpress-roots/  301
/code/learn-trellis-wordpress-roots/      https://www.learnwithjason.dev/blog/learn-trellis-wordpress-roots/  301
/learn-rollup-css/                        https://www.learnwithjason.dev/blog/learn-rollup-css/               301
/code/learn-rollup-css/                   https://www.learnwithjason.dev/blog/learn-rollup-css/               301
/learn-rollup-js/                         https://www.learnwithjason.dev/blog/learn-rollup-js/                301
/code/learn-rollup-js/                    https://www.learnwithjason.dev/blog/learn-rollup-js/                301
/deploy-nodejs-ssl-digitalocean/          https://www.learnwithjason.dev/blog/deploy-nodejs-ssl-digitalocean/ 301
/code/deploy-nodejs-ssl-digitalocean/     https://www.learnwithjason.dev/blog/deploy-nodejs-ssl-digitalocean/ 301

# these posts have been moved to https://jason.af
/2017-personal-retrospective/             https://www.jason.energy/2017-personal-retrospective                    301!
/find-the-why/                            https://www.jason.energy/find-the-why                                   301!
/write-everything-down/                   https://www.jason.energy/write-everything-down                          301!
/dirt-floors/                             https://www.jason.energy/dirt-floors                                    301!
/level-setting/                           https://www.jason.energy/level-setting                                  301!
/2018-personal-retrospective/             https://www.jason.energy/2018-personal-retrospective                    301!
/yak-shaving/                             https://www.jason.energy/yak-shaving                                    301!
/progressive-disclosure-of-complexity/    https://www.jason.energy/progressive-disclosure-of-complexity           301!
/2019-q1-retrospective/                   https://www.jason.energy/2019-q1-retrospective                          301!
/setting-expectations/                    https://www.jason.energy/setting-expectations                           301!
/creativity-and-editing/                  https://www.jason.energy/creativity-and-editing                         301!
/what-are-you-optimizing-for/             https://www.jason.energy/what-are-you-optimizing-for                    301!
/mise-en-place/                           https://www.jason.energy/mise-en-place                                  301!
/planning-vs-execution/                   https://www.jason.energy/planning-vs-execution                          301!
/2019-personal-retrospective/             https://www.jason.energy/2019-personal-retrospective                    301!
/reduce-friction/                         https://www.jason.energy/reduce-friction                                301!
/problem-with-the-grind/                  https://www.jason.energy/problem-with-the-grind                         301!
/draw-the-box-smaller/                    https://www.jason.energy/draw-the-box-smaller                           301!
/toolkits-over-checklists/                https://www.jason.energy/toolkits-over-checklists                       301!
/build-consistent-content-creation-habit/ https://www.jason.energy/build-consistent-content-creation-habit        301!
/process-not-a-project/                   https://www.jason.energy/process-not-a-project                          301!
/keeping-score/                           https://www.jason.energy/keeping-score                                  301!
/wasted-time/                             https://www.jason.energy/wasted-time                                    301!
/how-to-be-positive/                      https://www.jason.energy/how-to-be-positive                             301!
/baseline/                                https://www.jason.energy/baseline                                       301!
/how-to-stay-consistent/                  https://www.jason.energy/how-to-stay-consistent                         301!
